id, name
1,Tedapgo
2,Neareum
3,Likovcu
4,Awutivoh
5,Ohopose
6,Mucegzow
7,Capikidof
8,Hacsafcu
9,Nufukjak
10,Mujaniju
11,Livuczi
12,Vaojva
13,Arbetzu
14,Cafigsu
15,Jowopbe
16,Zizovouhe
17,Pocnabelo
18,Olohitwus
19,Vigowrep
20,Muceel
21,Vobefiog
22,Efolanih
23,Limodim
24,Taeche
25,Zozecov
26,Avgibeb
27,Jiketiw
28,Evsabba
29,Igawauk
30,Egaajwu
31,Ojapukil
32,Ovrorla
33,Agadizgi
34,Culmekge
35,Suawliz
36,Cuzcuubo
37,Odiwefsez
38,Uhaanozo
39,Zuanla
40,Busoldo
41,Zazutte
42,Udueppa
43,Giwkulcow
44,Ponwaoz
45,Givadab
46,Gadustap
47,Zeohto
48,Viepube
49,Camozier
50,Levzofuv
51,Cubehjuk
52,Paduluika
53,Kicozoide
54,Cupodar
55,Araahmiz
56,Suviltew
57,Efelego
58,Fahemof
59,Zivepwa
60,Sovgemec
61,Riznubmi
62,Uguakura
63,Rigijod
64,Izeruke
65,Totujsir
66,Cipzamkez
67,Bosbeoh
68,Vebmogupe
69,Zocopfel
70,Rujgoci
71,Juledgef
72,Warhogada
73,Cedofuome
74,Wawbolje
75,Maehkah
76,Komafsam
77,Uhpifon
78,Mumjokak
79,Voksomza
80,Zuruam
81,Gawmiuk
82,Hitagni
83,Fefvucu
84,Wuwosige
85,Liftozvo
86,Gefnimi
87,Laneckov
88,Ijwael
89,Ekriipa
90,Edhegido
91,Kokvaoto
92,Regdura
93,Ragabwif
94,Rowaupo
95,Ibirabin
96,Jezobdu
97,Cuvpotaw
98,Noberso
99,Koipmi
100,Najjitoz
101,Ijwolsuk
102,Tejuszat
103,Sevidowe
104,Enerawkok
105,Joezahaz
106,Ivgidve
107,Mawdohis
108,Egehovaw
109,Asefucug
110,Kijedi
111,Hahlous
112,Wumzihbuk
113,Ohihgu
114,Ogheljev
115,Wuakoze
116,Bolmojjok
117,Difjote
118,Dozetfid
119,Nepavma
120,Nirfomlo
