seq,seq,email,"$2a$10$/JQAf/xJ.ko.3goxaYqiD.JuEd6vMqq0qkyvzOlRkORhOU7Jvuonm",,,"true"
1,1,bizvuza@ibacivso.na,$2a$10$/JQAf/xJ.ko.3goxaYqiD.JuEd6vMqq0qkyvzOlRkORhOU7Jvuonm,,,true
2,2,uriifeim@areko.se,$2a$10$/JQAf/xJ.ko.3goxaYqiD.JuEd6vMqq0qkyvzOlRkORhOU7Jvuonm,,,true
3,3,vejestu@orucut.gh,$2a$10$/JQAf/xJ.ko.3goxaYqiD.JuEd6vMqq0qkyvzOlRkORhOU7Jvuonm,,,true
4,4,bub@wimol.ro,$2a$10$/JQAf/xJ.ko.3goxaYqiD.JuEd6vMqq0qkyvzOlRkORhOU7Jvuonm,,,true
5,5,vojaz@caz.ai,$2a$10$/JQAf/xJ.ko.3goxaYqiD.JuEd6vMqq0qkyvzOlRkORhOU7Jvuonm,,,true
